CXPPLC,0
HAT,376099.68498424924
LDC+,807564.2982149108
MRS,1362168.1484074204
RDT,181367.8683934197
7718,380622.0
